filename,label
frame12015.jpg,g
frame11767.jpg,g
frame14381.jpg,a
frame14631.jpg,a
frame13056.jpg,a
frame13441.jpg,aub
frame11585.jpg,a
frame14350.jpg,g
frame13378.jpg,s
frame14246.jpg,a
frame13805.jpg,a
frame14331.jpg,a
frame14143.jpg,a
frame13399.jpg,a
frame11492.jpg,g
frame13188.jpg,g
frame14079.jpg,a
frame12982.jpg,a
frame13215.jpg,adb
frame11841.jpg,g
frame14604.jpg,a
frame13326.jpg,g
frame14762.jpg,g
frame14609.jpg,adb
frame14658.jpg,adb
frame14641.jpg,a
frame13774.jpg,g
frame13086.jpg,a
frame14235.jpg,a
frame13267.jpg,a
frame14680.jpg,g
frame11943.jpg,g
frame11444.jpg,g
frame11521.jpg,g
frame13138.jpg,g
frame14355.jpg,g
frame11721.jpg,a
frame13366.jpg,a
frame13553.jpg,g
frame11630.jpg,g
frame13919.jpg,a
frame13720.jpg,a
frame13924.jpg,a
frame14332.jpg,a
frame14548.jpg,a
frame13009.jpg,a
frame14234.jpg,a
frame14163.jpg,s
frame13512.jpg,g
frame11902.jpg,g
frame13144.jpg,a
frame13401.jpg,a
frame13162.jpg,a
frame11637.jpg,a
frame11887.jpg,g
frame13866.jpg,a
frame14451.jpg,a
frame14352.jpg,g
frame14466.jpg,a
frame11886.jpg,g
frame11804.jpg,s
frame13579.jpg,a
frame11781.jpg,gdb
frame14554.jpg,a
frame13475.jpg,aub
frame13016.jpg,a
frame13532.jpg,g
frame11549.jpg,g
frame13210.jpg,a
frame11614.jpg,a
frame13459.jpg,a
frame11671.jpg,g
frame13817.jpg,g
frame14304.jpg,g
frame11766.jpg,g
frame13686.jpg,a
frame11486.jpg,g
frame13098.jpg,a
frame13614.jpg,a
frame13873.jpg,a
frame13907.jpg,a
frame14167.jpg,g
frame14555.jpg,a
frame11727.jpg,g
frame13273.jpg,a
frame14321.jpg,g
frame11525.jpg,g
frame12987.jpg,a
frame13679.jpg,g
frame14198.jpg,g
frame13023.jpg,g
frame13465.jpg,aub
frame14497.jpg,a
frame13975.jpg,g
frame11623.jpg,a
frame11889.jpg,g
frame11808.jpg,g
frame11655.jpg,g
frame13923.jpg,a
frame11557.jpg,a
frame13967.jpg,g
frame13282.jpg,a
frame13842.jpg,g
frame14039.jpg,a
frame14142.jpg,l
frame13827.jpg,g
frame11778.jpg,g
frame13494.jpg,aub
frame13987.jpg,g
frame13696.jpg,a
frame14188.jpg,g
frame13560.jpg,g
frame11541.jpg,g
frame13083.jpg,a
frame13042.jpg,s
frame13295.jpg,s
frame14378.jpg,a
frame14660.jpg,a
frame13438.jpg,aub
frame13951.jpg,g
frame12951.jpg,g
frame14265.jpg,a
frame13660.jpg,g
frame11621.jpg,a
frame14242.jpg,a
frame13239.jpg,a
frame13264.jpg,a
frame14405.jpg,g
frame13418.jpg,a
frame13199.jpg,g
frame14535.jpg,a
frame14783.jpg,g
frame14338.jpg,g
frame14462.jpg,a
frame13136.jpg,g
frame13721.jpg,a
frame11798.jpg,g
frame11814.jpg,g
frame14075.jpg,a
frame13712.jpg,g
frame14476.jpg,a
frame14241.jpg,a
frame14412.jpg,g
frame11708.jpg,a
frame13549.jpg,a
frame13666.jpg,g
frame11590.jpg,a
frame12002.jpg,g
frame13033.jpg,g
frame11954.jpg,g
frame14202.jpg,g
frame11904.jpg,g
frame13570.jpg,g
frame11700.jpg,g
frame13825.jpg,g
frame13499.jpg,a
frame13792.jpg,a
frame13928.jpg,a
frame13871.jpg,a
frame11977.jpg,g
frame13060.jpg,a
frame13353.jpg,a
frame11665.jpg,g
frame13323.jpg,a
frame14733.jpg,gdb
frame14495.jpg,a
frame11499.jpg,g
frame13495.jpg,aub
frame14140.jpg,l
frame13309.jpg,g
frame14417.jpg,a
frame11792.jpg,g
frame14255.jpg,a
frame11497.jpg,g
frame14036.jpg,a
frame13707.jpg,g
frame13785.jpg,a
frame14441.jpg,a
frame11439.jpg,g
frame13657.jpg,g
frame11842.jpg,g
frame14469.jpg,a
frame13089.jpg,l
frame11620.jpg,a
frame13771.jpg,g
frame13344.jpg,l
frame14779.jpg,g
frame13735.jpg,g
frame14435.jpg,a
frame13168.jpg,g
frame14286.jpg,g
frame11843.jpg,g
frame11697.jpg,g
frame14529.jpg,a
frame14785.jpg,g
frame13585.jpg,g
frame14299.jpg,g
frame14510.jpg,a
frame13061.jpg,a
frame14506.jpg,a
frame14724.jpg,a
frame14468.jpg,a
frame13369.jpg,g
frame11554.jpg,g
frame13027.jpg,g
frame11970.jpg,g
frame14765.jpg,g
frame11504.jpg,g
frame14098.jpg,aub
frame13163.jpg,a
frame14209.jpg,g
frame13859.jpg,a
frame13198.jpg,g
frame14015.jpg,g
frame14351.jpg,g
frame13398.jpg,a
frame14210.jpg,g
frame13592.jpg,g
frame13642.jpg,a
frame11893.jpg,g
frame13223.jpg,aub
frame13483.jpg,aub
frame14511.jpg,a
frame14527.jpg,a
frame14324.jpg,a
frame11851.jpg,g
frame14422.jpg,a
frame11799.jpg,g
frame13643.jpg,a
frame14521.jpg,a
frame11698.jpg,g
frame14507.jpg,a
frame14169.jpg,s
frame13029.jpg,g
frame14707.jpg,g
frame14300.jpg,g
frame11979.jpg,g
frame13161.jpg,a
frame13601.jpg,g
frame14147.jpg,a
frame11555.jpg,g
frame11720.jpg,a
frame13022.jpg,g
frame14287.jpg,g
frame13980.jpg,a
frame13698.jpg,a
frame14623.jpg,a
frame13173.jpg,g
frame11895.jpg,g
frame14518.jpg,a
frame13852.jpg,a
frame14152.jpg,a
frame11953.jpg,g
frame14599.jpg,a
frame13021.jpg,a
frame13727.jpg,a
frame14386.jpg,g
frame13348.jpg,l
frame14081.jpg,a
frame13233.jpg,a
frame14126.jpg,aub
frame14477.jpg,a
frame11883.jpg,g
frame14310.jpg,g
frame13508.jpg,g
frame11597.jpg,g
frame13018.jpg,a
frame11935.jpg,g
frame14292.jpg,g
frame11877.jpg,g
frame11514.jpg,a
frame14211.jpg,g
frame12012.jpg,g
frame11657.jpg,g
frame11946.jpg,g
frame14530.jpg,a
frame13580.jpg,a
frame13730.jpg,a
frame14218.jpg,g
frame11868.jpg,g
frame13008.jpg,a
frame13760.jpg,g
frame12021.jpg,g
frame11991.jpg,g
frame13007.jpg,a
frame13269.jpg,a
frame13381.jpg,g
frame13171.jpg,g
frame11643.jpg,a
frame13334.jpg,g
frame13571.jpg,g
frame13796.jpg,a
frame13561.jpg,g
frame13485.jpg,aub
frame14197.jpg,g
frame13877.jpg,a
frame13599.jpg,g
frame11435.jpg,g
frame11564.jpg,a
frame11494.jpg,g
frame13352.jpg,l
frame13327.jpg,g
frame13120.jpg,a
frame14224.jpg,g
frame14322.jpg,g
frame14238.jpg,a
frame13849.jpg,g
frame11818.jpg,g
frame13500.jpg,a
frame14669.jpg,aub
frame13047.jpg,g
frame13216.jpg,a
frame14708.jpg,g
frame14252.jpg,a
frame13927.jpg,a
frame11909.jpg,g
frame14200.jpg,g
frame11992.jpg,g
frame11915.jpg,g
frame13572.jpg,g
frame13894.jpg,a
frame14743.jpg,a
frame11924.jpg,g
frame13865.jpg,a
frame13575.jpg,g
frame13671.jpg,g
frame13688.jpg,a
frame13132.jpg,a
frame13006.jpg,a
frame11618.jpg,a
frame11467.jpg,g
frame13002.jpg,a
frame11461.jpg,g
frame11811.jpg,g
frame11710.jpg,a
frame13093.jpg,l
frame11669.jpg,g
frame12998.jpg,a
frame13902.jpg,a
frame11551.jpg,g
frame13325.jpg,g
frame13970.jpg,gdb
frame14307.jpg,g
frame13365.jpg,a
frame14543.jpg,a
frame13189.jpg,g
frame14291.jpg,g
frame14041.jpg,a
frame11583.jpg,a
frame13110.jpg,a
frame11888.jpg,g
frame13263.jpg,a
frame13900.jpg,a
frame13685.jpg,a
frame13066.jpg,g
frame13092.jpg,l
frame13409.jpg,a
frame12009.jpg,g
frame13754.jpg,g
frame11947.jpg,g
frame13356.jpg,a
frame13115.jpg,a
frame13496.jpg,aub
frame11816.jpg,g
frame14101.jpg,aub
frame13097.jpg,l
frame11820.jpg,g
frame13802.jpg,a
frame11730.jpg,g
frame11823.jpg,g
frame14384.jpg,g
frame14460.jpg,a
frame14705.jpg,g
frame14437.jpg,a
frame13578.jpg,a
frame14447.jpg,a
frame14137.jpg,l
frame13468.jpg,aub
frame11672.jpg,g
frame13284.jpg,a
frame13466.jpg,aub
frame11812.jpg,g
frame14309.jpg,g
frame14711.jpg,g
frame13314.jpg,a
frame13761.jpg,g
frame11813.jpg,g
frame13929.jpg,a
frame13036.jpg,g
frame14442.jpg,a
frame13217.jpg,aub
frame11659.jpg,g
frame11716.jpg,a
frame13426.jpg,a
frame11746.jpg,g
frame13130.jpg,a
frame14512.jpg,a
frame13481.jpg,aub
frame13869.jpg,a
frame13577.jpg,g
