path,label
10470.png,g
7470.png,a
5490.png,gdb
7320.png,g
1230.png,g
1980.png,g
12720.png,g
2250.png,g
1050.png,g
1650.png,a
6990.png,a
5310.png,g
10080.png,g
8490.png,g
12360.png,g
2760.png,a
2850.png,g
6960.png,a
2610.png,a
5550.png,g
3360.png,g
13560.png,g
11100.png,g
7710.png,a
810.png,g
12120.png,a
9930.png,g
7290.png,a
10590.png,g
6480.png,a
12030.png,a
10140.png,a
1140.png,g
1950.png,g
12060.png,g
5190.png,a
13350.png,g
13110.png,g
9030.png,a
7020.png,g
1560.png,a
10950.png,a
8100.png,g
3780.png,g
3390.png,g
11970.png,g
13410.png,g
6600.png,g
7260.png,g
13230.png,g
9840.png,g
8970.png,g
9000.png,g
9900.png,a
8430.png,g
3840.png,a
13020.png,a
5280.png,g
12990.png,g
10920.png,g
13530.png,g
11070.png,g
1470.png,a
7230.png,a
6090.png,g
8940.png,g
930.png,g
4680.png,a
10110.png,a
990.png,a
8640.png,g
10380.png,g
13800.png,g
4650.png,g
12480.png,g
7650.png,s
5430.png,s
7560.png,a
11700.png,aub
1260.png,g
12330.png,g
12510.png,a
3210.png,g
2280.png,a
6930.png,g
10260.png,a
3330.png,a
12270.png,g
12930.png,g
1530.png,g
5700.png,g
1320.png,g
1200.png,g
12570.png,a
5520.png,g
630.png,a
5610.png,g
5340.png,g
5460.png,s
5940.png,g
13080.png,g
11370.png,g
13050.png,g
13470.png,a
5370.png,g
4560.png,a
10800.png,g
10020.png,a
12420.png,g
13200.png,g
3570.png,g
14070.png,g
10170.png,a
12450.png,a
11490.png,g
6780.png,gdb
5640.png,a
10710.png,g
2670.png,g
10980.png,g
3060.png,g
3540.png,g
8790.png,g
13770.png,g
2820.png,g
13920.png,a
13620.png,g
14040.png,a
11340.png,g
2550.png,g
3300.png,a
7950.png,a
10860.png,a
7680.png,g
1740.png,aub
7830.png,a
1410.png,g
7590.png,g
10440.png,g
3510.png,s
1170.png,adb
7920.png,g
6570.png,s
11850.png,a
3630.png,g
11730.png,a
6420.png,g
3450.png,gdb
11010.png,g
5580.png,a
5850.png,a
11400.png,g
10620.png,a
6810.png,g
12840.png,a
5250.png,a
8460.png,g
3660.png,g
11910.png,a
11280.png,a
10650.png,g
7200.png,g
5160.png,a
3420.png,a
10770.png,g
13140.png,a
8700.png,a
1620.png,g
9960.png,g
7620.png,a
6330.png,a
900.png,a
7380.png,g
6660.png,a
3000.png,a
11790.png,a
10050.png,g
7350.png,g
2880.png,a
1920.png,a
3810.png,a
6540.png,g
10320.png,a
12750.png,g
6870.png,a
9990.png,g
2790.png,g
3690.png,a
4800.png,aub
8130.png,a
11610.png,g
13710.png,g
6360.png,g
8220.png,g
6000.png,g
7860.png,a
10740.png,g
13980.png,g
12240.png,a
690.png,g
8910.png,g
1590.png,g
12150.png,a
1770.png,a
8880.png,gdb
11640.png,g
8190.png,g
12180.png,g
7980.png,a
3150.png,g
8820.png,s
11310.png,g
4770.png,aub
2700.png,g
11760.png,aub
8280.png,a
4590.png,g
13830.png,a
8370.png,g
2490.png,a
660.png,g
11130.png,a
2340.png,a
750.png,a
10200.png,g
12900.png,a
8580.png,g
1020.png,l
13590.png,a
11040.png,a
2730.png,g
5070.png,gdb
6900.png,g
6060.png,g
7050.png,g
12390.png,g
13320.png,g
1680.png,g
3030.png,a
600.png,a
13950.png,g
7890.png,g
9870.png,a
11160.png,g
6630.png,a
11670.png,adb
3180.png,g
10500.png,g
3270.png,a
8070.png,g
7740.png,g
13380.png,a
5970.png,g
13290.png,g
2430.png,a
12300.png,a
7110.png,a
4860.png,a
14010.png,g
7140.png,a
8850.png,a
5010.png,g
6840.png,a
12600.png,a
11940.png,g
12000.png,g
13440.png,a
10830.png,g
13860.png,a
12630.png,a
6720.png,g
5100.png,g
3480.png,g
8400.png,a
7410.png,g
11550.png,a
10890.png,g
8730.png,a
2310.png,a
6390.png,a
1500.png,g
2220.png,g
10560.png,a
5820.png,g
12810.png,g
2460.png,a
6450.png,a
11460.png,g
6510.png,g
12960.png,g
6120.png,a
3750.png,a
6030.png,a
10290.png,g
10230.png,g
10530.png,g
12780.png,a
12090.png,g
13680.png,g
12540.png,g
1350.png,g
9060.png,g
4980.png,g
7440.png,a
3240.png,g
6690.png,g
8670.png,g
870.png,g
4620.png,g
8340.png,a
7530.png,g
960.png,g
7170.png,g
10350.png,a
2160.png,g
8250.png,g
2520.png,g
11520.png,g
13260.png,a
10410.png,g
1110.png,a
8760.png,g
7080.png,a
780.png,g
2130.png,a
11430.png,g
13890.png,g
3120.png,a
2400.png,g
1290.png,g
3720.png,a
13740.png,g
2100.png,a
13170.png,g
11580.png,a
4530.png,g
2640.png,g
3600.png,g
2190.png,a
2370.png,a
8160.png,g
10680.png,a
4950.png,s
5130.png,g
5880.png,g
1710.png,a
2010.png,a
2580.png,g
